No,City,1991,2001,2011,Latitude,Longitude,
1,London,6715769,7208384,8250205,51.5074,-0.1278,
2,Birmingham,965928,970892,1085810,52.4862,-1.8904,
3,Glasgow,0,575132,590507,55.8642,-4.2518,
4,Liverpool,538386,523783,552267,53.4084,-2.9916,
5,Bristol,496044,516997,535907,51.4545,-2.5879,
6,Sheffield,457805,469127,518090,53.3811,-1.4701,
7,Manchester,447863,438752,510746,53.4808,-2.2426,
8,Leeds,424194,445795,474632,53.8008,-1.5491,
9,Edinburgh,400632,431393,459366,55.9533,-3.1883,
10,Leicester,377700,401448,443760,52.6369,-1.1398,
11,Bradford,305101,311130,349561,53.794,-1.7564,
12,Cardiff,276464,296808,335145,51.4816,-3.1791,
13,Coventry,299316,305854,325949,52.4081,-1.511,
14,Nottingham,270222,249584,289301,52.95,-1.15,
15,Kingston upon Hull,310636,301416,284321,53.7676,-0.3274,
16,Belfast,279237,276705,280561,54.5973,-5.9301,
17,Stoke-on-Trent,266543,259252,270726,53.0027,-2.1794,
18,Newcastle upon Tyne,255362,254777,268064,54.9783,-1.6178,
19,Derby,223836,229407,255394,52.9225,-1.4746,
20,Southampton,210138,234224,253651,50.9097,-1.4044,
21,Portsmouth,0,0,238137,50.8198,-1.088,
22,Plymouth,0,0,234982,50.3755,-4.1427,
23,Brighton and Hove,192453,206628,229700,50.8278,-0.1528,
24,Reading,213474,0,218705,51.4551,-0.9787,
25,Northampton,183082,197199,215173,52.2405,-0.9027,
26,Luton,171671,185543,211228,51.8787,-0.42,
27,Wolverhampton,0,0,210319,52.5914,-2.1107,
28,Aberdeen,182133,185226,195021,57.1497,-2.0991,
29,Bolton,0,0,194189,53.5769,-2.4282,
30,Bournemouth,155488,167527,187503,50.7184,-1.8834,
31,Norwich,171304,174047,186682,52.6309,1.2974,
32,Swindon,145236,155432,182441,51.5685,-1.7722,
33,Swansea,171038,169880,179485,51.6214,-3.9436,
34,Southend-on-Sea,158517,160257,175547,51.5459,0.7077,
35,Middlesbrough,184773,175479,174700,54.5742,-1.235,
36,Sunderland,183310,177739,174286,54.9061,-1.3811,
37,Milton Keynes,102428,122041,171750,52.0406,-0.7594,
38,Warrington,152458,158195,165456,53.39,-2.58,
39,Huddersfield,147847,149938,162949,53.6458,-1.785,
40,Peterborough,134788,136292,161707,52.5739,-0.2508,
41,Oxford,118795,143016,159994,51.752,-1.2577,
42,Slough,121811,137736,155298,51.5105,-0.595,
43,Poole,138479,144800,154718,50.715,-1.9872,
44,York,124609,137505,152841,53.9583,-1.0803,
45,Blackpool,146262,142283,147663,53.8167,-3.05,
46,Dundee,0,145817,147285,56.462,-2.9707,
47,Cambridge,109912,127713,145818,52.2053,0.1192,
48,Ipswich,130157,138718,144957,52.0597,1.1481,
49,Birkenhead,149164,137634,142968,53.3934,-3.0148,
50,Telford,114251,131489,142723,52.6766,-2.4493,
51,Gloucester,114003,123205,136362,51.8642,-2.2382,
52,Sale,0,0,134022,53.4252,-2.324,
53,Watford,113080,120960,131982,51.6551,-0.3957,
54,Newport,115522,118323,128060,51.5842,-2.9977,
55,Solihull,118103,118907,123187,52.4118,-1.7776,
56,High Wycombe,106123,110473,120256,51.629,-0.749,
57,Gateshead,118212,112599,120046,54.9527,-1.6034,
58,Colchester,96063,104390,119441,51.8892,0.9042,
59,Blackburn,0,0,117963,53.7486,-2.4875,
60,Cheltenham,102633,110320,116447,51.8994,-2.0783,
61,Exeter,94717,106772,113507,50.7167,-3.5333,
62,Chelmsford,97451,99962,110507,51.7356,0.4685,
63,Doncaster,103580,101056,109805,53.5228,-1.1285,
64,Rotherham,0,0,109691,53.4326,-1.3635,
65,Eastbourne,94793,106562,109185,50.768,0.2905,
66,Worthing,0,0,109120,50.8179,-0.3729,
67,Sutton Coldfield,106001,105452,109015,52.5704,-1.824,
68,Rochdale,100935,102888,107926,53.6178,-2.1552,
69,Maidstone,0,0,107627,51.2704,0.5227,
70,Basingstoke,81228,93963,107355,51.2663,-1.0921,
71,Basildon,100924,99876,107123,51.5761,0.4887,
72,Crawley,88203,100547,106943,51.1091,-0.1872,
73,Stockport,0,0,105878,53.4106,-2.1575,
74,Woking,101484,105262,105367,51.3168,-0.56,
75,Gillingham,94923,98403,104157,51.389,0.548,
76,Salford,0,0,103886,53.4873,-2.2901,
77,Wigan,98070,92415,103608,53.5451,-2.6325,
78,St Helens,106293,102629,102885,53.456,-2.737,
79,Lincoln,97996,104221,100160,53.2344,-0.5386,
80,Worcester,82661,94029,100153,52.192,-2.22,
